{
   "dashboards": [{
      "autoswitchEnabled": false,
      "columnCount": 1,
      "columnProportion": "1-1",
      "creationTime": 1623219932870,
      "dashboardNavigations": {},
      "description": "",
      "disabled": false,
      "gridsterMaxColumns": 12,
      "hidden": false,
      "homeTab": false,
      "id": "4cedb550-4df8-4163-a2e6-5d5fc432713e",
      "importAttempts": 0,
      "importComplete": true,
      "lastUpdateTime": 1623242712044,
      "lastUpdateUserId": "ec71ea75-3d8e-410b-a8f7-e3d76b32e62b",
      "locked": false,
      "name": "Aakib CPU Overcommitement Dash",
      "rank": 0,
      "shared": false,
      "states": [],
      "temporary": false,
      "userId": "ec71ea75-3d8e-410b-a8f7-e3d76b32e62b",
      "widgetInteractions": [
         {
            "type": "resourceId",
            "widgetIdProvider": "3a387740-2d10-41fa-9048-b2c5223e98ac",
            "widgetIdReceiver": "1281ce2d-3905-441c-8dbc-591c49edac65"
         },
         {
            "type": "resourceId",
            "widgetIdProvider": "3a387740-2d10-41fa-9048-b2c5223e98ac",
            "widgetIdReceiver": "e773605e-71e4-4a45-8f18-a8e28909c586"
         }
      ],
      "widgets": [
         {
            "collapsed": false,
            "config": {
               "boxColumns": 1,
               "boxHeight": null,
               "customFilter": {
                  "excludedResources": null,
                  "filter": [],
                  "includedResources": null
               },
               "depth": 2,
               "labelSize": 16,
               "maxCellCount": 100,
               "metric": {
                  "mode": "resourceKind",
                  "resourceKindMetrics": [{
                     "colorMethod": 1,
                     "handleOldColoring": false,
                     "id": "extModel17611-1",
                     "isStringMetric": false,
                     "link": "",
                     "metricKey": "cpu|vcpus_to_cores_allocation_ratio",
                     "metricName": "CPU|Current Overcommit Ratio",
                     "orangeBound": null,
                     "redBound": null,
                     "resourceKindId": "resourceKind:id:0_::_",
                     "resourceKindName": "Cluster Compute Resource",
                     "yellowBound": null
                  }],
                  "resourceMetrics": [],
                  "subMode": "resourceKindAll"
               },
               "mode": {"layoutMode": "fixedView"},
               "oldMetricValues": false,
               "periodLength": null,
               "refreshContent": {"refreshContent": false},
               "refreshInterval": 300,
               "relationshipMode": {"relationshipMode": -1},
               "resInteractionMode": null,
               "resource": [],
               "roundDecimals": null,
               "selfProvider": {"selfProvider": false},
               "showDT": {"showDT": false},
               "showMetricName": {"showMetricName": false},
               "showMetricUnit": {"showMetricUnit": true},
               "showResourceName": {"showResourceName": true},
               "showSparkline": {"showSparkline": false},
               "title": "Cluster CPU overcommitment ratio",
               "valueSize": 24,
               "visualTheme": 8
            },
            "gridsterCoords": {
               "h": 12,
               "w": 2,
               "x": 3,
               "y": 1
            },
            "height": 666,
            "id": "1281ce2d-3905-441c-8dbc-591c49edac65",
            "title": "Cluster CPU overcommitment ratio",
            "type": "Scoreboard"
         },
         {
            "collapsed": false,
            "config": {
               "boxColumns": 1,
               "boxHeight": null,
               "customFilter": {
                  "excludedResources": null,
                  "filter": [],
                  "includedResources": null
               },
               "depth": 1,
               "labelSize": 16,
               "maxCellCount": 100,
               "metric": {
                  "mode": "resourceKind",
                  "resourceKindMetrics": [{
                     "colorMethod": 1,
                     "handleOldColoring": false,
                     "id": "extModel11776-1",
                     "isStringMetric": false,
                     "link": "",
                     "metricKey": "cpu|vcpus_to_cores_allocation_ratio",
                     "metricName": "CPU|Current Overcommit Ratio",
                     "orangeBound": null,
                     "redBound": null,
                     "resourceKindId": "resourceKind:id:1_::_",
                     "resourceKindName": "Datacenter",
                     "yellowBound": null
                  }],
                  "resourceMetrics": [],
                  "subMode": "resourceKindAll"
               },
               "mode": {"layoutMode": "fixedView"},
               "oldMetricValues": false,
               "periodLength": null,
               "refreshContent": {"refreshContent": false},
               "refreshInterval": 300,
               "relationshipMode": {"relationshipMode": 0},
               "resInteractionMode": null,
               "resource": [],
               "roundDecimals": null,
               "selfProvider": {"selfProvider": true},
               "showDT": {"showDT": false},
               "showMetricName": {"showMetricName": false},
               "showMetricUnit": {"showMetricUnit": true},
               "showResourceName": {"showResourceName": true},
               "showSparkline": {"showSparkline": false},
               "title": "Datacenter Overcommitment ratio",
               "valueSize": 24,
               "visualTheme": 8
            },
            "gridsterCoords": {
               "h": 12,
               "w": 2,
               "x": 1,
               "y": 1
            },
            "height": 666,
            "id": "3a387740-2d10-41fa-9048-b2c5223e98ac",
            "title": "Datacenter Overcommitment ratio",
            "type": "Scoreboard"
         },
         {
            "collapsed": false,
            "config": {
               "boxColumns": 4,
               "boxHeight": null,
               "customFilter": {
                  "excludedResources": null,
                  "filter": [],
                  "includedResources": null
               },
               "depth": 4,
               "labelSize": 16,
               "maxCellCount": 100,
               "metric": {
                  "mode": "resourceKind",
                  "resourceKindMetrics": [{
                     "colorMethod": 0,
                     "handleOldColoring": false,
                     "id": "extModel52224-1",
                     "isStringMetric": false,
                     "label": "",
                     "link": "",
                     "metricKey": "Super Metric|sm_0991ec8c-611a-4fa2-8383-4fe9fe0fa4ac",
                     "metricName": "Super Metrics|Host system CPU over commitment",
                     "metricUnitId": null,
                     "orangeBound": 3,
                     "redBound": 4,
                     "resourceKindId": "resourceKind:id:2_::_",
                     "resourceKindName": "Host System",
                     "unit": "",
                     "yellowBound": 2.1
                  }],
                  "resourceMetrics": [],
                  "subMode": "resourceKindAll"
               },
               "mode": {"layoutMode": "fixedView"},
               "oldMetricValues": false,
               "periodLength": null,
               "refreshContent": {"refreshContent": false},
               "refreshInterval": 300,
               "relationshipMode": {"relationshipMode": -1},
               "resInteractionMode": null,
               "resource": [],
               "roundDecimals": null,
               "selfProvider": {"selfProvider": false},
               "showDT": {"showDT": false},
               "showMetricName": {"showMetricName": false},
               "showMetricUnit": {"showMetricUnit": true},
               "showResourceName": {"showResourceName": true},
               "showSparkline": {"showSparkline": false},
               "title": "Host CPU overcommitment ratio",
               "valueSize": 24,
               "visualTheme": 8
            },
            "gridsterCoords": {
               "h": 12,
               "w": 7,
               "x": 5,
               "y": 1
            },
            "height": 666,
            "id": "e773605e-71e4-4a45-8f18-a8e28909c586",
            "title": "Host CPU overcommitment ratio",
            "type": "Scoreboard"
         }
      ]
   }],
   "entries": {"resourceKind": [
      {
         "adapterKindKey": "VMWARE",
         "internalId": "resourceKind:id:1_::_",
         "resourceKindKey": "Datacenter"
      },
      {
         "adapterKindKey": "VMWARE",
         "internalId": "resourceKind:id:2_::_",
         "resourceKindKey": "HostSystem"
      },
      {
         "adapterKindKey": "VMWARE",
         "internalId": "resourceKind:id:0_::_",
         "resourceKindKey": "ClusterComputeResource"
      }
   ]},
   "uuid": "440676d5-59fc-4c7c-bfb5-b1b87121d1c8"
}